name,profile,p[1]_q25,p[1]_q50,p[1]_q75,p[2]_q25,p[2]_q50,p[2]_q75,p[3]_q25,p[3]_q50,p[3]_q75,p[4]_q25,p[4]_q50,p[4]_q75,p[5]_q25,p[5]_q50,p[5]_q75,p[6]_q25,p[6]_q50,p[6]_q75,p[7]_q25,p[7]_q50,p[7]_q75,p[8]_q25,p[8]_q50,p[8]_q75,p[9]_q25,p[9]_q50,p[9]_q75,p[10]_q25,p[10]_q50,p[10]_q75,RE_q25,RE_q50,RE_q75
2M1134-2103,SIE+shear,1.241997,1.243486,1.24477725,-0.0199565,-0.01841635,-0.017168705,-0.0136027325,-0.01163171,-0.009994998,0.1485191,0.1639562,0.184430175,16.03802,19.944105,23.2170875,0.3132277,0.3187415,0.323029675,46.1151625,46.22963,46.34483,0.0,0.0,0.0,0.0,0.0,0.0,1.0,1.0,1.0,1.24851325,1.251046,1.253979
2M1310-1714,SIS+shear,2.988683,2.9898085,2.99075525,0.001192365,0.002398993,0.00350575875,-0.2449379,-0.243056,-0.2412824,0.0,0.0,0.0,0.0,0.0,0.0,0.06542797,0.06578467,0.06620631,25.44369,25.462545,25.48281,0.0,0.0,0.0,0.0,0.0,0.0,1.0,1.0,1.0,2.988583,2.9897085,2.99065525
A2213-2652,SIE,0.67073445,0.6733757,0.6756533,-0.002147742,0.0001042403,0.0022521959999999,-0.002025525,-0.00016772305,0.0019245505,0.1984395,0.221428,0.2393994499999999,-49.09464,-47.963350000000005,-46.45446,0.0,0.0,0.0,0.0,0.0,0.0,0.0,0.0,0.0,0.0,0.0,0.0,1.0,1.0,1.0,0.6771604,0.6812879,0.6848047
ATLASJ2344-3056,SIE,0.483264475,0.4845695,0.4859426,-0.0412762775,-0.03943391,-0.03749342,0.0218925,0.02314739,0.0242105725,0.33134205,0.3396042,0.34802285,70.61159,70.735355,70.85122,0.0,0.0,0.0,0.0,0.0,0.0,0.0,0.0,0.0,0.0,0.0,0.0,1.0,1.0,1.0,0.49897645,0.4998277,0.5009484
B0128+437,SIE+shear,0.2035718,0.2152936,0.225413,-0.009315533,-0.003688862,0.002542604,-0.00849079425,-0.004686619,-0.001029687,0.4070148,0.5172830500000001,0.6192969,17.548,22.63607,28.9562075,0.178518,0.2151167,0.2532698,-51.66078,-45.30911,-37.2319325,0.0,0.0,0.0,0.0,0.0,0.0,1.0,1.0,1.0,0.2320806,0.2365638,0.2412694
B0445+123,SIE,0.6639130249999999,0.6718793,0.6790688,-0.001984261,-5.122923e-05,0.002081388,-0.002004208,0.000136858,0.00204284775,0.3265688,0.3352636,0.3480042,-24.25255,-19.647785,-14.78436,0.0,0.0,0.0,0.0,0.0,0.0,0.0,0.0,0.0,0.0,0.0,0.0,1.0,1.0,1.0,0.6829954,0.6920294499999999,0.7011269
B0712+472,SIS,0.6857548,0.6869244999999999,0.6880264,-0.08367305,-0.08252702,-0.08134061,-0.087762645,-0.0861900449999999,-0.0846398475,0.0,0.0,0.0,0.0,0.0,0.0,0.0,0.0,0.0,0.0,0.0,0.0,0.0,0.0,0.0,0.0,0.0,0.0,1.0,1.0,1.0,0.685655,0.6868247000000001,0.6879266
B0739+366,SIS,0.265179025,0.2665504,0.2679575,0.00464998925,0.0059816739999999,0.0072884562499999,-0.0002481497,0.001718846,0.0035894615,0.0,0.0,0.0,0.0,0.0,0.0,0.0,0.0,0.0,0.0,0.0,0.0,0.0,0.0,0.0,0.0,0.0,0.0,1.0,1.0,1.0,0.265079025,0.2664504,0.2678575
B1030+074,SIE,0.844971725,0.84779525,0.8498393,-0.002002461,3.564691e-05,0.001997245,-0.002233841,-0.0003490364,0.001835772,0.373281575,0.4198262,0.4483081,21.2405025,23.40506,24.86528,0.0,0.0,0.0,0.0,0.0,0.0,0.0,0.0,0.0,0.0,0.0,0.0,1.0,1.0,1.0,0.8788213,0.8935998,0.9034982
B1127+385,SIE,0.3298078,0.3332766,0.3374926,-0.002074284,1.871943e-05,0.002049821,-0.002263894,-0.0003383335,0.001612466,0.3534444,0.3732187,0.3914724499999999,26.96751,27.94274,29.15799,0.0,0.0,0.0,0.0,0.0,0.0,0.0,0.0,0.0,0.0,0.0,0.0,1.0,1.0,1.0,0.3443012,0.34667345,0.34936625
B1152+200,SIE,0.8309958,0.8330917,0.8350614,-0.002255756,7.475028e-05,0.002183988,-0.00200077,2.41796e-05,0.002325323,0.4329695,0.4482839,0.460734,53.76057,54.36342,55.126427500000005,0.0,0.0,0.0,0.0,0.0,0.0,0.0,0.0,0.0,0.0,0.0,0.0,1.0,1.0,1.0,0.880107775,0.8862203,0.8915435
B1422+231,SIE+shear,0.7496058999999999,0.7547914,0.759391575,-0.002466707,-0.0007746576,0.0009288716,-0.003312801,-0.001789975,-0.000379156825,0.277635925,0.3068369,0.3355466,56.068005,56.7215,57.378455,0.1563641,0.1679369,0.1792397,51.71854,52.312275,52.916395,0.0,0.0,0.0,0.0,0.0,0.0,1.0,1.0,1.0,0.7719893250000001,0.7733785,0.7747264
B1600+434,SIE,0.6602824,0.6696853,0.6785486,-0.00230759,-6.753869e-05,0.001990269,-0.0021606645,-0.0002264046,0.00198009375,0.245796525,0.2693236,0.2967846,-37.5597,-33.752005,-29.73357,0.0,0.0,0.0,0.0,0.0,0.0,0.0,0.0,0.0,0.0,0.0,0.0,1.0,1.0,1.0,0.67496,0.681649,0.6882915
B2045+265,SIS+shear,1.130967,1.132284,1.133566,-0.003867392,-0.001906215,0.00012731045,-0.006358037,-0.004990827,-0.003639927,0.0,0.0,0.0,0.0,0.0,0.0,0.1801362,0.1810952,0.1819385499999999,69.35733,69.42209,69.481,0.0,0.0,0.0,0.0,0.0,0.0,1.0,1.0,1.0,1.130867,1.132184,1.133466
B2108+213,SIE,2.309918,2.3218,2.332663,-0.002209321,-0.0001608538,0.001851531,-0.001776675,0.00021998845,0.002285962,0.08718917,0.1155743,0.1464167,38.76182,41.989795,47.62194,0.0,0.0,0.0,0.0,0.0,0.0,0.0,0.0,0.0,0.0,0.0,0.0,1.0,1.0,1.0,2.3134697500000003,2.32838,2.343466
BRI0952-0115,SIS+shear,0.5179406,0.5243356,0.5303073,-0.002109958,-0.00019334655,0.001804845,-0.001627829,0.0003253182,0.00233182975,0.0,0.0,0.0,0.0,0.0,0.0,0.05380853,0.0614404199999999,0.07002467,-72.62316,-68.09815,-64.82056,0.0,0.0,0.0,0.0,0.0,0.0,1.0,1.0,1.0,0.5178405,0.5242354,0.530207
COSMOS5921+0638,SIS,0.70945425,0.7103878,0.7114016,0.00381903225,0.004931763,0.006112191,0.01187952,0.01362037,0.01470589,0.0,0.0,0.0,0.0,0.0,0.0,0.0,0.0,0.0,0.0,0.0,0.0,0.0,0.0,0.0,0.0,0.0,0.0,1.0,1.0,1.0,0.70935405,0.7102876,0.7113014
CY2201-3201,SIS,0.5132094,0.5176489,0.5227424,-0.03920978,-0.03461654,-0.03019319,-0.03316984,-0.02779229,-0.02182581,0.0,0.0,0.0,0.0,0.0,0.0,0.0,0.0,0.0,0.0,0.0,0.0,0.0,0.0,0.0,0.0,0.0,0.0,1.0,1.0,1.0,0.5131092,0.5175487,0.5226421
DES01xx-24xx,SIE,0.9279981,0.9328589,0.9380037,-0.0021316877499999,-4.280016e-05,0.002147637,-0.00242580325,-0.000196547,0.001671294,0.1030459,0.1141278,0.1345933249999999,6.369038,13.45503,20.68644,0.0,0.0,0.0,0.0,0.0,0.0,0.0,0.0,0.0,0.0,0.0,0.0,1.0,1.0,1.0,0.930014,0.9352789,0.9416524
DES0247-6349,SIE,0.720532225,0.7257888,0.7304362,-0.002383985,-0.0005818335999999,0.001459492,-0.002042056,6.734853e-05,0.001644791,0.1190039,0.1249952,0.1354015,-11.963705,-3.910761,5.364581,0.0,0.0,0.0,0.0,0.0,0.0,0.0,0.0,0.0,0.0,0.0,0.0,1.0,1.0,1.0,0.7227365,0.7279748500000001,0.7326925
DES03xx-44xx,SIS,0.96893195,0.9703375,0.9717985,-0.0028466755,-0.0008340258,0.00126313375,-0.0051430439999999,-0.0039568945,-0.002723013,0.0,0.0,0.0,0.0,0.0,0.0,0.0,0.0,0.0,0.0,0.0,0.0,0.0,0.0,0.0,0.0,0.0,0.0,1.0,1.0,1.0,0.96883165,0.9702372,0.9716982
DES2158-5812,SIE,0.9584092,0.9632801,0.9674315,-0.002333178,-0.000343435,0.001739161,-0.002226428,-0.00012352535,0.001931687,0.100627975,0.1232895,0.150423025,17.19548,20.638115,25.70216,0.0,0.0,0.0,0.0,0.0,0.0,0.0,0.0,0.0,0.0,0.0,0.0,1.0,1.0,1.0,0.9604568,0.9663848,0.9719117
DESJ0115-5244,SIS,0.7927305,0.7979183,0.804184275,0.0105242,0.01730721,0.02430229,0.0433496149999999,0.046512465,0.04959606,0.0,0.0,0.0,0.0,0.0,0.0,0.0,0.0,0.0,0.0,0.0,0.0,0.0,0.0,0.0,0.0,0.0,0.0,1.0,1.0,1.0,0.7926308,0.7978186,0.8040839750000001
DESJ0405-3308,SIE+shear,0.6734899,0.6781904,0.682145,0.00665962,0.008077001,0.0094886354999999,-0.00965345125,-0.008402007,-0.006770489,0.321339,0.3491743,0.3792688,-39.01593,-38.07875,-37.06896,0.05384345,0.06002788,0.06636671,38.07921,40.7449,43.5598575,0.0,0.0,0.0,0.0,0.0,0.0,1.0,1.0,1.0,0.7000933,0.7010629,0.7021101
DESJ0407-5006,SIE,0.8483762,0.8520839,0.8560738,-0.002185053,-0.00018930845,0.001735024,-0.002061402,-0.00018523225,0.00170931325,0.1097142,0.1264318,0.1464905,50.65284,55.12615,60.9133,0.0,0.0,0.0,0.0,0.0,0.0,0.0,0.0,0.0,0.0,0.0,0.0,1.0,1.0,1.0,0.8504335,0.8549861,0.86011165
DESJ0408-5354,SIS,2.018412,2.019452,2.020691,0.08043047,0.081705775,0.08278425,-0.3906031,-0.3892894,-0.3879595,0.0,0.0,0.0,0.0,0.0,0.0,0.0,0.0,0.0,0.0,0.0,0.0,0.0,0.0,0.0,0.0,0.0,0.0,1.0,1.0,1.0,2.018312,2.019352,2.020591
DESJ0420-4037,SIE+shear,0.8130328,0.8200339999999999,0.8264102,-0.006415198,-0.0019073085,0.004034261,-0.006313349,-0.002308339,0.0019957065,0.242965475,0.2853103,0.3240393,-32.97581,-30.2464,-26.6724,0.04084519,0.051009,0.06313073,67.34748,73.83585,79.93457,0.0,0.0,0.0,0.0,0.0,0.0,1.0,1.0,1.0,0.83362915,0.8373201,0.841197
DESJ0530-3730,POW,0.420698,0.4441037,0.4639647249999999,0.005457018,0.007312782,0.009102493,0.01026935,0.011929645,0.01353279,0.6429778,0.6813799,0.7215541,49.4191325,49.71627,50.0116025,0.0,0.0,0.0,0.0,0.0,0.0,0.0,0.0,0.0,0.0,0.0,0.0,0.5872895,0.6297631,0.675329,0.550642125,0.5539911,0.5574699
DESJ2038-4008,SIE+shear,1.31273075,1.3165195,1.319816,-0.001429371,5.059811e-05,0.001751051,0.0018577767499999,0.0032566405,0.0044845977499999,0.374537,0.3859701,0.3958248,-37.5466725,-37.205665,-36.947665,0.01301075,0.01556995,0.01836475,-19.1066125,-14.97638,-10.51985,0.0,0.0,0.0,0.0,0.0,0.0,1.0,1.0,1.0,1.372117,1.373343,1.374702
DESJ2146-0047,SIS,0.6788059,0.6803526,0.681911,0.00235176325,0.0035244035,0.00468829,-0.0026323305,-0.0006713509,0.001499834,0.0,0.0,0.0,0.0,0.0,0.0,0.0,0.0,0.0,0.0,0.0,0.0,0.0,0.0,0.0,0.0,0.0,0.0,1.0,1.0,1.0,0.6787057,0.6802524000000001,0.6818109
FBQ0951+2635,SIE,0.5222731,0.5336602,0.5442447499999999,-0.002199827,-0.0003253417,0.001771563,-0.002075024,0.000260021,0.002244139,0.2975088,0.3168219,0.3451741,-9.655752,-3.658957,2.972193,0.0,0.0,0.0,0.0,0.0,0.0,0.0,0.0,0.0,0.0,0.0,0.0,1.0,1.0,1.0,0.53847575,0.5475669000000001,0.5562081
FBQ1633+3134,SIE,0.3592643,0.3663836,0.3737643,-0.0019251155,-1.700373e-05,0.00190587625,-0.0020556055,5.00333e-05,0.00191288925,0.56266915,0.5850379,0.6100895,-86.5722,-83.46642,-78.90327,0.0,0.0,0.0,0.0,0.0,0.0,0.0,0.0,0.0,0.0,0.0,0.0,1.0,1.0,1.0,0.4019721,0.4160174,0.4283729
GraLJ165105.3-041725,SIS,3.942683,3.943787,3.9450055,0.62454825,0.62590395,0.627290625,0.19217535,0.1935434,0.1947792,0.0,0.0,0.0,0.0,0.0,0.0,0.0,0.0,0.0,0.0,0.0,0.0,0.0,0.0,0.0,0.0,0.0,0.0,1.0,1.0,1.0,3.942583,3.943687,3.9449055
H1413+117,SIE+shear,0.5906919,0.5953326,0.598272175,0.03163168,0.0330117,0.0346422275,-0.003874293,-0.001525768,0.0009127842,0.3031749,0.33095375,0.3706148,-9.60983325,-7.797721,-6.030938,0.07224173,0.07921351,0.08527624,-50.2714325,-46.76883,-44.51209,0.0,0.0,0.0,0.0,0.0,0.0,1.0,1.0,1.0,0.6119941,0.6133203,0.6146352
HE0013-2542,SIS,0.1823023,0.1838285,0.185283425,0.00314259875,0.005091243,0.00697077025,0.005966561,0.007916946,0.009543775,0.0,0.0,0.0,0.0,0.0,0.0,0.0,0.0,0.0,0.0,0.0,0.0,0.0,0.0,0.0,0.0,0.0,0.0,1.0,1.0,1.0,0.1822021,0.1837283,0.185183125
HE0047-1756,SIE,0.7271894,0.72987465,0.73256145,-0.002196726,0.0001089892,0.00248352425,-0.002110487,0.00024510435,0.002150466,0.0864491,0.09922322,0.1138624,-17.0645,-12.51074,-9.090782,0.0,0.0,0.0,0.0,0.0,0.0,0.0,0.0,0.0,0.0,0.0,0.0,1.0,1.0,1.0,0.7282845,0.7313194,0.7343841
HE0230-2130,SIS,0.9892122,0.9902435,0.991226875,0.2204075,0.2216656,0.2230192,-0.0324825625,-0.0315655,-0.030687195,0.0,0.0,0.0,0.0,0.0,0.0,0.0,0.0,0.0,0.0,0.0,0.0,0.0,0.0,0.0,0.0,0.0,0.0,1.0,1.0,1.0,0.9891124,0.9901437,0.991126975
HE0435-1223,SIE,1.16715875,1.168605,1.169762,-0.006634133,-0.0055732845,-0.0045838115,-0.01306036,-0.01160147,-0.01014534,0.3480421,0.3508378,0.3538496,13.80012,13.847065,13.89802,0.0,0.0,0.0,0.0,0.0,0.0,0.0,0.0,0.0,0.0,0.0,0.0,1.0,1.0,1.0,1.207459,1.2084895,1.209447
HE0512-3329,SIS,0.322634,0.3240752,0.32546075,0.01200951,0.01345003,0.01478457,-0.006223025,-0.004245953,-0.002434595,0.0,0.0,0.0,0.0,0.0,0.0,0.0,0.0,0.0,0.0,0.0,0.0,0.0,0.0,0.0,0.0,0.0,0.0,1.0,1.0,1.0,0.3225342,0.3239754,0.32536095
HE1104-1805,SIE,1.428485,1.4404184999999998,1.454976,-0.0021514885,-0.0001208036,0.001950777,-0.002002759,8.95943e-05,0.002031749,0.33481735,0.3569663,0.3747639,-22.7494525,-22.589025,-22.37853,0.0,0.0,0.0,0.0,0.0,0.0,0.0,0.0,0.0,0.0,0.0,0.0,1.0,1.0,1.0,1.48587,1.491793,1.499079
HE1113-0641,POW,0.3036211,0.3132187,0.319667,-0.003709628,-0.002252348,-0.0007560474,-0.001904188,-0.0005082477,0.000788171075,0.35883635,0.4266748,0.4981659,-37.447105,-37.26355,-37.0885575,0.0,0.0,0.0,0.0,0.0,0.0,0.0,0.0,0.0,0.0,0.0,0.0,0.6182768,0.6885455,0.7607893,0.3306628,0.331679,0.3327308
HE2149-2745,SIS,0.8475587,0.8490285,0.8505601,-0.00423882175,-0.002673457,-0.001197066,-0.0003478262,0.001508637,0.003533991,0.0,0.0,0.0,0.0,0.0,0.0,0.0,0.0,0.0,0.0,0.0,0.0,0.0,0.0,0.0,0.0,0.0,0.0,1.0,1.0,1.0,0.8474588,0.8489286,0.8504602
HS0810+2554,SIE,0.4801576,0.48118325,0.4820596,0.0095040955,0.01044453,0.01138559,-0.000116104125,0.001781685,0.003568917,0.0899300475,0.09905458,0.1086912,-26.54195,-26.39805,-26.25104,0.0,0.0,0.0,0.0,0.0,0.0,0.0,0.0,0.0,0.0,0.0,0.0,1.0,1.0,1.0,0.481105025,0.4820799,0.48294285
HS0818+1227,SIE,1.0979375,1.13258,1.161634,-0.00240852125,-0.0003081636,0.001830133,-0.00200215,7.266304e-05,0.00224022825,0.7702668,0.7766427,0.785253975,-22.82323,-20.27083,-18.0308425,0.0,0.0,0.0,0.0,0.0,0.0,0.0,0.0,0.0,0.0,0.0,0.0,1.0,1.0,1.0,1.459813,1.515256,1.574239
HS2209+1914,SIE,0.5219161,0.52436145,0.5260564,-0.002109576,-0.0002986779,0.002062572,-0.002669532,-0.0003251619,0.001491789,0.08322154,0.08835941,0.0951486575,67.80514,74.06695,78.9439,0.0,0.0,0.0,0.0,0.0,0.0,0.0,0.0,0.0,0.0,0.0,0.0,1.0,1.0,1.0,0.522705775,0.5250603,0.526741875
HST01247+0352,SIE,1.095151,1.097661,1.099893,-0.001580265,0.0002904077,0.00231726525,-0.001892618,0.0003664927,0.002568393,0.03040896,0.03219808,0.03501072,64.88114,74.75895,82.0076375,0.0,0.0,0.0,0.0,0.0,0.0,0.0,0.0,0.0,0.0,0.0,0.0,1.0,1.0,1.0,1.095311,1.0977705,1.100005
HST12531-2914,POW+shear,0.474946,0.508813,0.541216125,0.0112819275,0.01304918,0.01496998,0.0300729875,0.03283282,0.03488518,0.6536197,0.70168505,0.743044925,-30.80399,-27.75538,-25.51766,0.294773325,0.2998617,0.3049767,-10.46952,-10.21693,-9.963755,0.0,0.0,0.0,0.0,0.0,0.0,0.1500353499999999,0.1622369,0.1765353,0.5870349,0.58834835,0.5894852
HST14113+5211,POW+shear,0.8084513,0.8184529,0.8261263,0.007044535,0.008793506,0.010379405,-0.00260061525,-0.0005417967,0.001667986,0.311745,0.3385624,0.3776834,-35.0532775,-33.11175,-31.11099,0.1871827,0.2169877,0.241685025,-2.457476,-1.044205,0.800334775,0.0,0.0,0.0,0.0,0.0,0.0,0.978553825,1.068744,1.152105,0.8384693,0.8436880499999999,0.8492628
HST14164+5215,SIE,1.119857,1.121593,1.123337,-0.002431898,-0.00028143035,0.001943579,-0.00166737,7.447371e-05,0.001767517,0.02031654,0.02509364,0.03166474,52.52951,57.090045,62.73545,0.0,0.0,0.0,0.0,0.0,0.0,0.0,0.0,0.0,0.0,0.0,0.0,1.0,1.0,1.0,1.11987575,1.1216115,1.123395
HST14176+5226,SIE+shear,1.233718,1.245079,1.258008,-0.0179786775,-0.0156618,-0.0127443225,-0.08897481,-0.08712595,-0.08556857,0.5814728,0.6028681,0.6187695,-43.07842,-42.85894,-42.63773,0.05108534,0.05292989,0.054826175,-86.33535,-82.01454,83.35058000000001,0.0,0.0,0.0,0.0,0.0,0.0,1.0,1.0,1.0,1.422894,1.426078,1.42902825
J0011-0845,SIS+shear,0.932888425,0.9405591,0.952986125,-0.00261692,-0.0006557933,0.001784296,-0.00241067325,-0.0006207894,0.001509583,0.0,0.0,0.0,0.0,0.0,0.0,0.08911776,0.09425679,0.09849846,-83.76915,85.34064000000001,87.5906375,0.0,0.0,0.0,0.0,0.0,0.0,1.0,1.0,1.0,0.932788325,0.9404589,0.952886425
J0013+5119,SIE,1.49402,1.503236,1.511114,-0.00259311,-0.0004489002,0.001748555,-0.002111739,0.0003115427,0.00244880175,0.1241745,0.1288817,0.138834,-44.40085,-39.03866,-33.17604,0.0,0.0,0.0,0.0,0.0,0.0,0.0,0.0,0.0,0.0,0.0,0.0,1.0,1.0,1.0,1.5002265,1.508342,1.515979
J0028+0631,SIE,1.408087,1.417602,1.425647,-0.002187864,-5.039378e-05,0.001865201,-0.00237872275,-0.00014719295,0.001940489,0.1712266,0.2042088,0.240272,-37.7538725,-32.97176,-29.58088,0.0,0.0,0.0,0.0,0.0,0.0,0.0,0.0,0.0,0.0,0.0,0.0,1.0,1.0,1.0,1.417398,1.4312305,1.445447
J0029-3814,POW,0.7943952,0.8213062,0.8424756250000001,-0.002054472,9.204141e-06,0.002016541,-0.002331464,-0.0004361884,0.001508219,0.0002574875,0.0004105145,0.0006133216,65.5782,69.00234,72.16186,0.0,0.0,0.0,0.0,0.0,0.0,0.0,0.0,0.0,0.0,0.0,0.0,2.000194,2.000359,2.000624,0.7972768,0.82430735,0.8456008
J0047+2514,SIE,0.8581879,0.8643667,0.8703747,-0.0023155245,-0.0002415507499999,0.001916035,-0.00208327625,-0.00017705275,0.0017341945,0.0994039274999999,0.1104267,0.1269952,-31.51594,-23.702,-13.68741,0.0,0.0,0.0,0.0,0.0,0.0,0.0,0.0,0.0,0.0,0.0,0.0,1.0,1.0,1.0,0.8609427,0.8663429,0.87211815
J0053-2012,SIE+shear,1.32966325,1.332307,1.33478625,-0.1217017,-0.11884265,-0.115939075,0.03640186,0.04283525,0.0511763,0.217464,0.2429023,0.26476175,-36.512095,-35.40752,-34.389595,0.2206461,0.2257995,0.2324104,-22.12389,-21.92546,-21.72228,0.0,0.0,0.0,0.0,0.0,0.0,1.0,1.0,1.0,1.34947675,1.351429,1.353474
J0102+2445,SIE,1.016068,1.044214,1.073229,-0.001993062,-6.212043e-05,0.002186226,-0.00209777275,-0.0002627395,0.00177962975,0.473559,0.4845314,0.5047434,0.2738711,4.386775,9.700684,0.0,0.0,0.0,0.0,0.0,0.0,0.0,0.0,0.0,0.0,0.0,0.0,1.0,1.0,1.0,1.104193,1.125047,1.15120825
J0123-0455,SIE,0.9713397,0.9826096,0.9915739,-0.00237367,-0.0004068199,0.00158277575,-0.002041237,-1.052643e-06,0.002149001,0.1243492,0.15089005,0.187673,49.73492,54.422185,60.614755,0.0,0.0,0.0,0.0,0.0,0.0,0.0,0.0,0.0,0.0,0.0,0.0,1.0,1.0,1.0,0.9790204,0.9874209,0.9948292
J0124-0033,SIE,0.9056977,0.91862905,0.9331683,-0.002750207,-0.000552971,0.001939752,-0.001841504,0.0001634105,0.002005511,0.2612683,0.3043519,0.3374602,46.06299,47.56687,48.59846,0.0,0.0,0.0,0.0,0.0,0.0,0.0,0.0,0.0,0.0,0.0,0.0,1.0,1.0,1.0,0.9335075,0.9410819,0.9490971
J0140-1152,SIE,0.7063942,0.7103244,0.7139741,-0.00273377125,-0.00069759,0.001417414,-0.002267623,-4.043312e-05,0.001891592,0.07678185,0.09785514,0.1198665,27.4001325,30.04192,34.6401775,0.0,0.0,0.0,0.0,0.0,0.0,0.0,0.0,0.0,0.0,0.0,0.0,1.0,1.0,1.0,0.7084347,0.7116579000000001,0.7147873
J0146-1133,SIE,0.7854033,0.80070815,0.812554725,-0.002021444,-0.0001306203,0.001896132,-0.001617355,0.0001131234,0.001543358,0.35561105,0.3744148,0.4020426,-85.67803,82.9951,86.88377,0.0,0.0,0.0,0.0,0.0,0.0,0.0,0.0,0.0,0.0,0.0,0.0,1.0,1.0,1.0,0.8228613,0.832584,0.8412164
J0150-4041,SIE,1.4226424999999998,1.430716,1.438128,-0.001779029,0.00020790075,0.0023226659999999,-0.001898631,0.00023107915,0.002044416,0.10593935,0.135616,0.1696,-78.4212325,-75.00424,-70.55332,0.0,0.0,0.0,0.0,0.0,0.0,0.0,0.0,0.0,0.0,0.0,0.0,1.0,1.0,1.0,1.42602025,1.436348,1.447324
J0203+1612,SIS,1.365641,1.367063,1.3686755000000002,0.006122835,0.0075651755,0.009048563,-0.0057865545,-0.0039507705,-0.002015366,0.0,0.0,0.0,0.0,0.0,0.0,0.0,0.0,0.0,0.0,0.0,0.0,0.0,0.0,0.0,0.0,0.0,0.0,1.0,1.0,1.0,1.365541,1.366963,1.3685755
J0228+3953,SIE,0.7643786,0.7744951,0.7834037,-0.001968506,-0.0001529535,0.0020673945,-0.0023272255,4.729087e-05,0.002282689,0.197736,0.2140731,0.2383812,-16.4278325,-10.678005,-5.268724,0.0,0.0,0.0,0.0,0.0,0.0,0.0,0.0,0.0,0.0,0.0,0.0,1.0,1.0,1.0,0.7750596,0.7827278,0.7903956
J0246-1845,SIS,0.497690025,0.49922105,0.5005978,0.01116669,0.01244916,0.0137945425,-0.00197431,7.129485e-05,0.002102186,0.0,0.0,0.0,0.0,0.0,0.0,0.0,0.0,0.0,0.0,0.0,0.0,0.0,0.0,0.0,0.0,0.0,0.0,1.0,1.0,1.0,0.497590025,0.49912095,0.5004977
J0259-2338,SIE,1.32990925,1.352351,1.371898,-0.0022482175,-0.00021684085,0.001809215,-0.0019812845,0.0002767809,0.002253675,0.30378205,0.3333081,0.3668696,6.499856,8.6910835,11.349795,0.0,0.0,0.0,0.0,0.0,0.0,0.0,0.0,0.0,0.0,0.0,0.0,1.0,1.0,1.0,1.380531,1.393138,1.405068
J0343-2828,POW+shear,1.60504675,1.6275785,1.662218,0.04347451,0.048102255,0.05330123,0.04827358,0.05284577,0.0575416375,0.841753725,0.8542196,0.86206905,49.87521,49.953085,50.02434,0.2832368,0.2911947,0.2975269,-38.37818,-38.244095,-38.12001,0.0,0.0,0.0,0.0,0.0,0.0,1.213514,1.2218,1.233796,2.342439,2.3465015,2.350571
J0407-1931,SIE,1.2740935,1.2828,1.289233,-0.002174194,-5.692295e-05,0.00219533125,-0.002234001,-0.0001249341,0.002089448,0.0694553,0.08295344,0.106348025,-79.76824,-72.32655,-63.10182,0.0,0.0,0.0,0.0,0.0,0.0,0.0,0.0,0.0,0.0,0.0,0.0,1.0,1.0,1.0,1.276922,1.284469,1.2905
J0501-4118,SIE,1.648065,1.7012405,1.751907,-0.002103815,7.229368e-05,0.0021819595,-0.00184406425,-1.03840905e-05,0.002059045,0.5383817,0.5571206,0.5807031,12.0923,14.82319,17.91088,0.0,0.0,0.0,0.0,0.0,0.0,0.0,0.0,0.0,0.0,0.0,0.0,1.0,1.0,1.0,1.86309825,1.898066,1.93538675
J0600-4649,SIE,1.201128,1.21296,1.222765,-0.002195834,-0.0003004052,0.001697393,-0.001825671,0.00032652,0.002194086,0.1051265,0.1678224,0.2309239,-87.34304,47.74537,84.89395,0.0,0.0,0.0,0.0,0.0,0.0,0.0,0.0,0.0,0.0,0.0,0.0,1.0,1.0,1.0,1.203879,1.220463,1.238242
J0659+1629,SIE+shear,2.324867,2.326986,2.329171,-0.002363528,-0.0003785666,0.001428952,0.002593123,0.003829362,0.005095886,0.3691666,0.37408645,0.378493975,5.288457,5.559782,5.81925775,0.076833865,0.07810157,0.07947033,59.97111,60.72693,61.39146,0.0,0.0,0.0,0.0,0.0,0.0,1.0,1.0,1.0,2.418172,2.420074,2.422097
J0818-2613,POW+shear,1.093608,1.133506,1.162785,-0.0177523,-0.01169843,-0.0058096734999999,-0.01233565,-0.004555975,0.001223691,0.9567654,0.9597112,0.9635085,-12.683755,-12.22992,-11.8264375,0.5508904,0.5582657,0.5647917,71.30755,71.74755,72.20398,0.0,0.0,0.0,0.0,0.0,0.0,0.6865254,0.7114177,0.7297224,2.737739,2.739538,2.741295
J0941+0518,SIE,2.7357725,2.753291,2.770014,-0.002210096,-0.00026952135,0.001876827,-0.00184764175,0.000190245,0.002260903,0.1853683,0.1912101,0.20336925,-14.82948,-9.93466,-4.736917,0.0,0.0,0.0,0.0,0.0,0.0,0.0,0.0,0.0,0.0,0.0,0.0,1.0,1.0,1.0,2.756923,2.776199,2.796593
J1004+1229,SIS,0.7682473,0.7696101,0.7710115,0.007242423,0.008609491,0.009823913,-0.003266676,-0.001405362,0.000521919875,0.0,0.0,0.0,0.0,0.0,0.0,0.0,0.0,0.0,0.0,0.0,0.0,0.0,0.0,0.0,0.0,0.0,0.0,1.0,1.0,1.0,0.7681472,0.76951,0.7709113
J1131-4419,POW+shear,0.835023,0.8430591000000001,0.8491967500000001,-0.005001825,-0.003087175,-0.0009780943,-0.005943128,-0.00423196,-0.002127483,0.2509533,0.3163978,0.3813579,-13.7635,-12.5802,-11.4136825,0.03026093,0.03726216,0.04346684,6.462753,9.118425,13.14795,0.0,0.0,0.0,0.0,0.0,0.0,0.3222096,0.4148187,0.5627997,0.85495945,0.8560807,0.8572259
J1238+2846,SIE,1.180865,1.190753,1.197429,-0.002469413,-0.00058724785,0.001860629,-0.001658694,0.0003762598,0.002122126,0.07938068,0.1008837,0.1339659,-87.65795,80.20207,85.94905,0.0,0.0,0.0,0.0,0.0,0.0,0.0,0.0,0.0,0.0,0.0,0.0,1.0,1.0,1.0,1.185355,1.193208,1.198954
J1508+3844,SIE,0.9172321,0.9200963,0.9231344,-0.00225798125,-0.0002675748,0.001739763,-0.002448521,-0.0003159011,0.002078705,0.08351283,0.086898465,0.09127079,11.1801,15.447755,19.8585775,0.0,0.0,0.0,0.0,0.0,0.0,0.0,0.0,0.0,0.0,0.0,0.0,1.0,1.0,1.0,0.9184667,0.9213451,0.9245917
J1515+3137,SIE,0.762309,0.76601575,0.7687077,-0.002512069,-0.0003390075,0.001944127,-0.002076734,5.811559e-05,0.001867669,0.0755925475,0.07967551,0.08492715,57.59821,65.30075,73.0681225,0.0,0.0,0.0,0.0,0.0,0.0,0.0,0.0,0.0,0.0,0.0,0.0,1.0,1.0,1.0,0.7631806,0.7668433,0.7697073750000001
J1518+4658,SIE,0.7298743,0.7347359,0.7382031,-0.0020947642499999,-9.313429e-05,0.0018712895,-0.00189602,0.0001909681,0.00198463725,0.2071029,0.2251028,0.23949125,-26.1145275,-22.64549,-20.1801525,0.0,0.0,0.0,0.0,0.0,0.0,0.0,0.0,0.0,0.0,0.0,0.0,1.0,1.0,1.0,0.7370918,0.7435127,0.7483098
J1524+4801,SIE,1.155293,1.162687,1.17262,-0.00202980725,1.236506e-05,0.001870148,-0.00205227425,1.073947e-05,0.001945168,0.2791739,0.2838906,0.292694525,69.74914,72.77484,76.37509,0.0,0.0,0.0,0.0,0.0,0.0,0.0,0.0,0.0,0.0,0.0,0.0,1.0,1.0,1.0,1.17808225,1.186388,1.198587
J1537-3010,POW+shear,1.367196,1.387333,1.40261125,-0.009554816,-0.008179498,-0.006693619,-0.01066886,-0.009199126,-0.007864327,0.2087255,0.2658347,0.3465947,-36.4205775,-34.55653,-33.24043,0.2149678,0.2277108,0.2363229,-29.45931,-29.31051,-29.14748,0.0,0.0,0.0,0.0,0.0,0.0,0.3041923,0.3614154,0.4241153,1.391041,1.39278,1.394813
J1553+3149,SIE,0.8054155,0.8118718,0.8175425,-0.002365453,-0.0003879405,0.001608893,-0.002353393,-0.0003452448,0.002024966,0.1989127,0.2062511,0.215869,-29.64572,-24.44704,-18.1095375,0.0,0.0,0.0,0.0,0.0,0.0,0.0,0.0,0.0,0.0,0.0,0.0,1.0,1.0,1.0,0.8126559,0.8193883,0.8262945
J1602+4526,SIE,1.3197465,1.342708,1.36491,-0.00196896,2.9894065e-05,0.002085188,-0.00226818275,-0.00011792655,0.0020145034999999,0.4005182,0.40501295,0.4123102,-20.334105,-15.94431,-11.8332025,0.0,0.0,0.0,0.0,0.0,0.0,0.0,0.0,0.0,0.0,0.0,0.0,1.0,1.0,1.0,1.38675175,1.407124,1.429884
J1612+3920,SIE,1.391497,1.397087,1.40284325,-0.002261832,-4.113499e-05,0.002282407,-0.00259881625,-0.0005246136,0.0020026882499999,0.1286811,0.1513802,0.1804653,-44.344,-41.38118,-38.62718,0.0,0.0,0.0,0.0,0.0,0.0,0.0,0.0,0.0,0.0,0.0,0.0,1.0,1.0,1.0,1.39631325,1.40404,1.41294425
J1616+1415,SIE,0.7851652,0.7878999,0.790596925,-0.002078828,-6.472587e-05,0.001991657,-0.002079702,-0.00023562145,0.001809511,0.05331869,0.0564544,0.0617122,-75.12914,-65.412105,-54.8976725,0.0,0.0,0.0,0.0,0.0,0.0,0.0,0.0,0.0,0.0,0.0,0.0,1.0,1.0,1.0,0.7855472,0.788238,0.7910503
J1623+7533,SIE,0.9308418,0.9393182,0.9463978,-0.002199661,-0.0001686734,0.0017236625,-0.00185976,0.0001527098,0.002284354,0.232202,0.2376726,0.24594735,14.80167,19.483905,24.918355,0.0,0.0,0.0,0.0,0.0,0.0,0.0,0.0,0.0,0.0,0.0,0.0,1.0,1.0,1.0,0.9427075,0.95182495,0.9601833
J1627-0224,SIE,1.7770505,1.830346,1.847968,-0.002413691,4.625768e-05,0.00237875275,-0.001998355,-0.0004349921,0.001808114,0.363363075,0.3704152,0.4000708,77.5039275,80.78286,83.60022,0.0,0.0,0.0,0.0,0.0,0.0,0.0,0.0,0.0,0.0,0.0,0.0,1.0,1.0,1.0,1.861734,1.901501,1.91699125
J1640+1045,SIE,0.7859276,0.8031196,0.8241859,-0.002382677,-0.0002687222,0.001907143,-0.00218917,-0.0001484475,0.00194240525,0.6384545,0.6625174,0.681483,31.26167,31.54782,31.79525,0.0,0.0,0.0,0.0,0.0,0.0,0.0,0.0,0.0,0.0,0.0,0.0,1.0,1.0,1.0,0.9542849,0.96033385,0.9675121
J1653+5155,SIE,0.759823,0.7770599,0.7925502,-0.001991435,1.945818e-05,0.002188292,-0.0021442065,-2.506824e-05,0.001983983,0.378884825,0.38686615,0.3988053,69.8805825,77.9168,83.58336,0.0,0.0,0.0,0.0,0.0,0.0,0.0,0.0,0.0,0.0,0.0,0.0,1.0,1.0,1.0,0.7931687,0.8090304,0.82582945
J1709+3828,SIE,0.947306,0.9535488,0.9599261,-0.002361981,-0.0003879873,0.0016154565,-0.001320205,0.00070111635,0.0026794032499999,0.184366,0.1890388,0.195162675,74.41573,77.97219,81.34556,0.0,0.0,0.0,0.0,0.0,0.0,0.0,0.0,0.0,0.0,0.0,0.0,1.0,1.0,1.0,0.9550995,0.9611566,0.9673239
J1710+4332,SIE,1.184444,1.198589,1.208844,-0.0021990195,0.0001024182,0.002156794,-0.001599038,0.0001873677,0.002181861,0.05280375,0.08873455,0.1387918,-81.28428,-32.58167,85.88676,0.0,0.0,0.0,0.0,0.0,0.0,0.0,0.0,0.0,0.0,0.0,0.0,1.0,1.0,1.0,1.189314,1.200474,1.209434
J1817+2729,POW+shear,0.6156637,0.62816,0.6423286,0.001884141,0.0036041475,0.0053968025,0.001104374,0.003276337,0.00554874,0.7571365,0.7705692,0.782271675,-55.60964,-55.38723,-55.19119,0.02372789,0.0271187,0.0319150625,2.157102,7.114416,12.33097,0.0,0.0,0.0,0.0,0.0,0.0,0.3942423,0.4203344,0.4514806,0.8905096,0.8915902,0.8927153
J1831+5447,SIS,1.14544675,1.147012,1.14854025,-0.003152498,-0.001322101,0.000453115,0.000459792475,0.002050042,0.003615098,0.0,0.0,0.0,0.0,0.0,0.0,0.0,0.0,0.0,0.0,0.0,0.0,0.0,0.0,0.0,0.0,0.0,0.0,1.0,1.0,1.0,1.14534675,1.146912,1.14844025
J1949+7732,SIE,0.792781,0.7955603,0.7983086,-0.002285253,-0.0002218294499999,0.002031833,-0.0021159335,6.0881135000000005e-05,0.002138527,0.0588619,0.06890257,0.07927746,-21.47715,-18.83107,-15.085715,0.0,0.0,0.0,0.0,0.0,0.0,0.0,0.0,0.0,0.0,0.0,0.0,1.0,1.0,1.0,0.79363285,0.7962784,0.7988835
J2124+1632,SIE,1.068522,1.111453,1.169937,-0.002034748,9.701762e-06,0.001992315,-0.00234596,-0.000379565,0.00171761575,0.6002659,0.6505428,0.6843547,85.88705,86.982415,87.55545,0.0,0.0,0.0,0.0,0.0,0.0,0.0,0.0,0.0,0.0,0.0,0.0,1.0,1.0,1.0,1.301811,1.316264,1.33867925
J2132+2603,SIE,0.8919659,0.89561,0.899927275,-0.002457703,-0.00046252635,0.00168582,-0.002133284,-0.0001654623,0.001561708,0.06729128,0.09117068,0.1172603,-65.4785,-60.96331,-57.9877,0.0,0.0,0.0,0.0,0.0,0.0,0.0,0.0,0.0,0.0,0.0,0.0,1.0,1.0,1.0,0.8926885250000001,0.897111,0.902303175
J2145+6345,SIE+shear,0.990410925,0.9930057,0.9952144,-0.03749422,-0.03591507,-0.0342703,-0.01656343,-0.01152804,-0.005438619,0.192165175,0.2179326,0.2452918,21.015815,22.54052,23.96962,0.1065867,0.1131411,0.1200826,36.3836925,37.06285,37.77815,0.0,0.0,0.0,0.0,0.0,0.0,1.0,1.0,1.0,1.003123,1.004378,1.005831
J2205-3727,POW,0.7611534249999999,0.7622185,0.7633303,-0.001593459,0.00042685815,0.002373688,-0.004244093,-0.0032189745,-0.002113207,0.135146025,0.1509186,0.1663083,5.493731,5.571205,5.648828,0.0,0.0,0.0,0.0,0.0,0.0,0.0,0.0,0.0,0.0,0.0,0.0,1.343317,1.3892715,1.434399,0.7644665,0.76568495,0.766885375
J2250+2117,SIS,0.928974,0.9303304,0.931762475,-0.00179901,0.00029718595,0.002203801,-0.0013067637499999,-5.432426e-05,0.0013111932499999,0.0,0.0,0.0,0.0,0.0,0.0,0.0,0.0,0.0,0.0,0.0,0.0,0.0,0.0,0.0,0.0,0.0,0.0,1.0,1.0,1.0,0.9288741,0.9302305,0.931662575
J2332-1852,SIE,0.9598944,0.9747786,0.9873479,-0.002192016,-0.0001811881,0.001845952,-0.002162599,-0.0002798437,0.001765527,0.2607268,0.2704342,0.29157325,-14.54651,-8.508881,-3.4363917500000003,0.0,0.0,0.0,0.0,0.0,0.0,0.0,0.0,0.0,0.0,0.0,0.0,1.0,1.0,1.0,0.980674925,0.9923626,1.003816
J2349-4518,SIS+shear,1.2393195,1.2575660000000002,1.272419,-0.001725811,0.0001537141,0.002162571,-0.002242131,-1.784537e-05,0.00211526725,0.0,0.0,0.0,0.0,0.0,0.0,0.15906915,0.1685173,0.1773644,69.79307,72.06391,73.64602,0.0,0.0,0.0,0.0,0.0,0.0,1.0,1.0,1.0,1.2392195,1.257466,1.272319
KIDS2307-3039,SIE,1.160801,1.179075,1.194868,-0.0019799179999999,-1.649406e-05,0.002044604,-0.001971927,9.632691e-05,0.002120379,0.12558805,0.1643329,0.211808125,4.30164925,13.27318,18.572965,0.0,0.0,0.0,0.0,0.0,0.0,0.0,0.0,0.0,0.0,0.0,0.0,1.0,1.0,1.0,1.173092,1.1860335,1.198864
LBQS1009-0252,SIS,0.766929475,0.7682677499999999,0.7696866,0.00127949525,0.002709943,0.004144627,-0.00349176025,-0.001529001,0.00031853895,0.0,0.0,0.0,0.0,0.0,0.0,0.0,0.0,0.0,0.0,0.0,0.0,0.0,0.0,0.0,0.0,0.0,0.0,1.0,1.0,1.0,0.766829575,0.7681677499999999,0.7695866
LBQS1333+0113,SIE,0.8144248,0.8203777,0.8266458,-0.002301131,-0.0003083167,0.00175973625,-0.0016407375,0.0001747965,0.00212233,0.1538973,0.1641017,0.1767044,-5.110297,2.6924,10.04822,0.0,0.0,0.0,0.0,0.0,0.0,0.0,0.0,0.0,0.0,0.0,0.0,1.0,1.0,1.0,0.8187174,0.8249974,0.8321725249999999
MG0414+0534,SIE+shear,1.16236975,1.164494,1.166665,0.01657522,0.02199581,0.0272442325,-0.05720417,-0.0538935,-0.05081938,0.2348934,0.2438501,0.2545797,-48.6685425,-45.76038,-43.08066,0.1051178,0.1093226,0.1132721,74.57761,76.21847,77.65886,0.0,0.0,0.0,0.0,0.0,0.0,1.0,1.0,1.0,1.180444,1.1816325,1.18297625
OGLEJ0218-7335,SIS+shear,0.7349795,0.7509289,0.7640754,-0.002396173,-0.00030955075,0.001862384,-0.002314765,-0.00012976425,0.001922636,0.0,0.0,0.0,0.0,0.0,0.0,0.03453072,0.04165702,0.0563406,-81.98465,63.01661,80.91036,0.0,0.0,0.0,0.0,0.0,0.0,1.0,1.0,1.0,0.7348794,0.7508288,0.7639756
PG1115+080,POW+shear,1.12070925,1.1280830000000002,1.137088,-0.0286264,-0.02650109,-0.0244982,-0.0417844775,-0.034178265,-0.0266632325,0.2927278,0.33710635,0.3653709,-78.90531,-77.9711,-77.18804,0.05622671,0.05939728,0.0617569,-23.3995525,-19.99124,-17.36859,0.0,0.0,0.0,0.0,0.0,0.0,1.15577525,1.192841,1.236097,1.158605,1.160391,1.16196725
PKS1830-211,SIE,0.514779275,0.5163741,0.5181185,-0.002756157,-0.0005766083,0.001570361,-0.00240370375,-0.0004436126,0.00144977325,0.4046233,0.422264,0.4458108,-31.16059,-30.458295,-29.80786,0.0,0.0,0.0,0.0,0.0,0.0,0.0,0.0,0.0,0.0,0.0,0.0,1.0,1.0,1.0,0.5410129,0.5446932,0.54930645
PMNJ0134-0931,SIS+shear,0.3167913,0.3183476,0.3200785,0.005316431,0.007320704,0.009269787,0.02681042,0.0281429949999999,0.02955519,0.0,0.0,0.0,0.0,0.0,0.0,0.5588476499999999,0.56300835,0.566755,-47.47575,-47.286565,-47.10238,0.0,0.0,0.0,0.0,0.0,0.0,1.0,1.0,1.0,0.3166913,0.3182477,0.3199787
PMNJ1632-0033,SIS,0.733049575,0.7345517500000001,0.7359605,-0.00379052125,-0.001927939,-0.000123120275,-0.00602519,-0.0043966355,-0.002711798,0.0,0.0,0.0,0.0,0.0,0.0,0.0,0.0,0.0,0.0,0.0,0.0,0.0,0.0,0.0,0.0,0.0,0.0,1.0,1.0,1.0,0.732949575,0.7344517500000001,0.7358605
PMNJ1838-3427,SIS,0.4941554,0.4955678,0.4970908,-0.000247976875,0.001205905,0.002649783,-0.00285786225,-0.0007332594,0.001300038,0.0,0.0,0.0,0.0,0.0,0.0,0.0,0.0,0.0,0.0,0.0,0.0,0.0,0.0,0.0,0.0,0.0,0.0,1.0,1.0,1.0,0.4940554,0.4954678,0.4969908
PMNJ2004-1349,SIE,0.60995365,0.6134914,0.6164572,-0.002558365,-0.0002660826,0.0018881,-0.00207164175,-5.9679705e-05,0.00201338,0.432652325,0.45605375,0.4786889749999999,-37.66335,-36.24129,-34.3556425,0.0,0.0,0.0,0.0,0.0,0.0,0.0,0.0,0.0,0.0,0.0,0.0,1.0,1.0,1.0,0.6454943500000001,0.6547422,0.6629444
PSJ0030-1525,POW+shear,0.9328247,0.9524951,0.9688747,0.0003344339,0.0055944259999999,0.01124468,0.03012212,0.03236018,0.0348152725,0.5547277,0.5791082,0.60744705,-79.48703,-79.15584000000001,-78.8573,0.070460515,0.07917553,0.0911747,14.12322,15.34526,17.15181,0.0,0.0,0.0,0.0,0.0,0.0,0.8959183749999999,0.93976425,1.00217775,1.0766,1.078563,1.081143
PSJ0140+4107,SIS,0.6571305,0.6585108,0.6599732,-0.0108800499999999,-0.009435526,-0.0078850925,0.005561062,0.00723499,0.00904636,0.0,0.0,0.0,0.0,0.0,0.0,0.0,0.0,0.0,0.0,0.0,0.0,0.0,0.0,0.0,0.0,0.0,0.0,1.0,1.0,1.0,0.6570303,0.6584106,0.6598729
PSJ0147+4630,SIS,1.755905,1.756915,1.75795,-0.00468697,-0.0032025815,-0.001734992,0.3703541,0.3714525,0.3723934,0.0,0.0,0.0,0.0,0.0,0.0,0.0,0.0,0.0,0.0,0.0,0.0,0.0,0.0,0.0,0.0,0.0,0.0,1.0,1.0,1.0,1.755805,1.756815,1.75785
PSJ0417+3325,SIE,0.8263897,0.8359129,0.844684125,-0.001959853,0.0001772397,0.002226677,-0.001435043,0.0006323389,0.002705056,0.2292684,0.23505815,0.2451575,-84.48034,-76.26356,83.91934,0.0,0.0,0.0,0.0,0.0,0.0,0.0,0.0,0.0,0.0,0.0,0.0,1.0,1.0,1.0,0.8382669,0.8466396,0.8551551
PSJ0630-1201,POW+shear,1.486572,1.490919,1.492703,0.01281796,0.01518235,0.01724844,0.009399731,0.011923095,0.01478578,0.4817331,0.4878672,0.493478,-13.5643325,-13.06194,-12.45352,0.258005375,0.2619765,0.265232,69.6196475,69.94877,70.29991,0.0,0.0,0.0,0.0,0.0,0.0,0.9598458,0.9968932,1.01819425,1.606879,1.60887,1.61096
PSJ0840+3550,SIE,1.340448,1.350652,1.35888,-0.001855719,9.208643e-05,0.001963749,-0.002030245,-1.719914e-05,0.001869009,0.065434815,0.0772243,0.1062623,30.08933,38.51704,49.9883375,0.0,0.0,0.0,0.0,0.0,0.0,0.0,0.0,0.0,0.0,0.0,0.0,1.0,1.0,1.0,1.343549,1.352204,1.35995
PSJ0949+4208,SIS,1.291386,1.292693,1.2942585,0.001721087,0.003208472,0.004744294,0.0004376052,0.002301097,0.00424732,0.0,0.0,0.0,0.0,0.0,0.0,0.0,0.0,0.0,0.0,0.0,0.0,0.0,0.0,0.0,0.0,0.0,0.0,1.0,1.0,1.0,1.291286,1.292593,1.2941585
PSJ1606-2333,POW+shear,0.6443848,0.651408,0.6566741,-0.05592394,-0.05391982,-0.05250968,0.003522396,0.007207246,0.00992134775,0.5563481,0.57742955,0.6074234,13.62053,14.10764,14.66379,0.0661753,0.073381305,0.08578534,-85.15436,83.88898499999999,87.04845,0.0,0.0,0.0,0.0,0.0,0.0,1.252789,1.268444,1.279255,0.7244271,0.7266407,0.72976535
PSJ2305+3714,SIE,1.152187,1.158962,1.165084,-0.002164213,-0.0001774902,0.001785211,-0.002108531,1.3443865e-05,0.002065202,0.266338625,0.2775795,0.290371,-10.39742,-7.905081,-5.0330035,0.0,0.0,0.0,0.0,0.0,0.0,0.0,0.0,0.0,0.0,0.0,0.0,1.0,1.0,1.0,1.172668,1.181669,1.190551
PSS2322+1944,SIS,0.7458263,0.74718795,0.7486568499999999,-0.00783133175,-0.006523355,-0.00526992,-0.004153781,-0.0020487725,7.153031e-06,0.0,0.0,0.0,0.0,0.0,0.0,0.0,0.0,0.0,0.0,0.0,0.0,0.0,0.0,0.0,0.0,0.0,0.0,1.0,1.0,1.0,0.745726,0.74708765,0.74855715
Q0142-100,SIE,1.12411575,1.134457,1.141404,-0.002077076,-0.00013608185,0.0020253415,-0.001670781,-1.3656272e-05,0.001998187,0.2116524,0.2357117,0.2618315,-81.78335,-76.98419,-70.75488,0.0,0.0,0.0,0.0,0.0,0.0,0.0,0.0,0.0,0.0,0.0,0.0,1.0,1.0,1.0,1.135971,1.149837,1.160969
Q0957+561,SIE,2.091804,2.196586,2.29522,-0.002179812,-9.3299705e-05,0.001967822,-0.002068454,6.516867e-05,0.002124607,0.6608597,0.6961649,0.7311987,-70.0322875,-68.96016,-67.7910625,0.0,0.0,0.0,0.0,0.0,0.0,0.0,0.0,0.0,0.0,0.0,0.0,1.0,1.0,1.0,2.66493,2.7035105,2.7411805
Q1017-207,SIS,0.422202,0.42359035,0.424996125,-0.002116562,-3.0304735e-05,0.001918778,0.001635023,0.002872162,0.00420827,0.0,0.0,0.0,0.0,0.0,0.0,0.0,0.0,0.0,0.0,0.0,0.0,0.0,0.0,0.0,0.0,0.0,0.0,1.0,1.0,1.0,0.422102,0.42349035,0.424896125
Q1355-2257,SIE,0.6058312,0.61257945,0.618340775,-0.002286729,-0.0003839822,0.001566219,-0.001696128,0.0001901474,0.002051882,0.128877175,0.14042605,0.1564868,49.11298,61.01947,71.89674,0.0,0.0,0.0,0.0,0.0,0.0,0.0,0.0,0.0,0.0,0.0,0.0,1.0,1.0,1.0,0.6081466,0.6145791,0.6211322
Q2138-431,SIE,1.838797,1.861548,1.88911925,-0.001882678,0.0002378117,0.002216094,-0.0021493885,-0.0001446661,0.001783332,0.45936,0.4824357,0.5006938,25.001835,25.26895,25.62177,0.0,0.0,0.0,0.0,0.0,0.0,0.0,0.0,0.0,0.0,0.0,0.0,1.0,1.0,1.0,1.995651,2.005359,2.017529
Q2237+030,SIE,0.860066075,0.8613374,0.8624873,-0.003504662,-0.001900987,-0.0002542512,-0.0013600965,-0.000350926,0.000673179475,0.32773155,0.3317046,0.3362016,-67.1088375,-67.04196999999999,-66.97816,0.0,0.0,0.0,0.0,0.0,0.0,0.0,0.0,0.0,0.0,0.0,0.0,1.0,1.0,1.0,0.8859948,0.8870255499999999,0.8880946
QJ0158-4325,SIE,0.6118921,0.6147969,0.6177315,-0.00222722,-0.0001955918,0.00220406125,-0.002586066,-0.0002673807,0.001797566,0.05809287,0.06573224,0.07836421,-46.88701,-37.20424,-24.2077025,0.0,0.0,0.0,0.0,0.0,0.0,0.0,0.0,0.0,0.0,0.0,0.0,1.0,1.0,1.0,0.612238975,0.6152220500000001,0.61838
RXJ0911+0551,SIE+shear,1.101292,1.104581,1.107994,-0.002607389,0.004452909,0.01088569,0.03710803,0.03846792,0.03967152,0.273659,0.28930085,0.3064309,28.9235,31.19896,33.83939,0.2985429,0.30437345,0.309773,-13.688665,-13.22797,-12.82042,0.0,0.0,0.0,0.0,0.0,0.0,1.0,1.0,1.0,1.12447525,1.128542,1.133397
RXJ1131-1231,SIE,1.559878,1.560947,1.562173,0.4004179,0.4022322,0.4038513,-0.3441472,-0.3423278,-0.3401172,0.07787934,0.07907665,0.08024333,67.24888,67.34593,67.445215,0.0,0.0,0.0,0.0,0.0,0.0,0.0,0.0,0.0,0.0,0.0,0.0,1.0,1.0,1.0,1.561807,1.562858,1.564042
SBS0909+523,SIS+shear,0.5082721,0.52060725,0.5342179,-0.001930853,-3.117523e-05,0.002509083,-0.002103773,-1.457673e-05,0.0018803395,0.0,0.0,0.0,0.0,0.0,0.0,0.1376807,0.15228435,0.1691414,-48.97695,-45.74919,-43.22136,0.0,0.0,0.0,0.0,0.0,0.0,1.0,1.0,1.0,0.5081721,0.52050705,0.5341178
SBS1520+530,SIE,0.7557546,0.76857745,0.77933445,-0.002858275,-0.0006177018,0.001537607,-0.001398757,0.0004853967,0.00267496,0.2786369,0.2928611,0.3129231,2.785358,8.3065,13.8370625,0.0,0.0,0.0,0.0,0.0,0.0,0.0,0.0,0.0,0.0,0.0,0.0,1.0,1.0,1.0,0.7750121,0.7852442,0.7945554
SDSS0246-0825,SIE,0.5751192,0.5776209,0.5800263,-0.002155236,-0.0001938859,0.001884161,-0.001884352,2.91393e-05,0.001984859,0.124379975,0.1344387,0.145188,-16.14849,-14.98408,-13.5970375,0.0,0.0,0.0,0.0,0.0,0.0,0.0,0.0,0.0,0.0,0.0,0.0,1.0,1.0,1.0,0.5776531,0.57987845,0.581979825
SDSS0903+5028,SIE,1.345783,1.37168,1.398917,-0.001655203,0.0004465318,0.0025294602499999,-0.0025283215,-0.0003092653,0.001833263,0.40931,0.4241106,0.4429047,-2.358742,1.545992,4.728972,0.0,0.0,0.0,0.0,0.0,0.0,0.0,0.0,0.0,0.0,0.0,0.0,1.0,1.0,1.0,1.428747,1.447176,1.46876775
SDSS0924+0219,SIE+shear,0.8688599,0.8706157,0.872095,-0.00431038,-0.0001859236,0.00413669,-0.00166643425,0.0039862565,0.009451549,0.1178437,0.13716145,0.1720209,55.6689875,68.560195,77.39573,0.04916484,0.05844183,0.0677239075,-67.846665,-65.112935,-61.02074,0.0,0.0,0.0,0.0,0.0,0.0,1.0,1.0,1.0,0.8733705,0.8746367,0.8759376
SDSS1001+5027,SIE,1.373972,1.3881665,1.40149675,-0.0025466395,-0.0005178702,0.0019147724999999,-0.001826077,0.0002273525,0.0022136837499999,0.221228575,0.24177885,0.2655585,-12.84492,-9.764013,-6.502281,0.0,0.0,0.0,0.0,0.0,0.0,0.0,0.0,0.0,0.0,0.0,0.0,1.0,1.0,1.0,1.397787,1.40771,1.41759725
SDSS1004+4112,SIE,6.128221,6.130028,6.131113,1.142925,1.144348,1.14538025,-1.079284,-1.077646,-1.076269,0.5673267,0.5676549,0.5679714,36.67612,36.68735,36.6986825,0.0,0.0,0.0,0.0,0.0,0.0,0.0,0.0,0.0,0.0,0.0,0.0,1.0,1.0,1.0,6.877108,6.878559,6.879503
SDSS1011+0143,SIS,1.83950775,1.840535,1.841607,0.0208503525,0.02190537,0.02297754,0.07043019,0.07157279,0.0727599925,0.0,0.0,0.0,0.0,0.0,0.0,0.0,0.0,0.0,0.0,0.0,0.0,0.0,0.0,0.0,0.0,0.0,0.0,1.0,1.0,1.0,1.83940775,1.840435,1.841507
SDSS1226-0006,SIE,0.591790375,0.5996559,0.6072167,-0.002219793,-8.456533e-05,0.00209083825,-0.001773894,0.0001540947,0.002189298,0.1797298,0.2206028,0.2566025,-11.047195,-9.314335,-8.021952,0.0,0.0,0.0,0.0,0.0,0.0,0.0,0.0,0.0,0.0,0.0,0.0,1.0,1.0,1.0,0.6013968,0.60628855,0.611806175
SDSS1332+0347,SIS,0.5685181,0.5700657,0.5715336,-0.00380334,-0.0019626404999999,-5.807091e-05,0.002073116,0.003594382,0.00503173325,0.0,0.0,0.0,0.0,0.0,0.0,0.0,0.0,0.0,0.0,0.0,0.0,0.0,0.0,0.0,0.0,0.0,0.0,1.0,1.0,1.0,0.5684181,0.5699657,0.5714336
SDSSJ0114+0722,SIE,0.7696573,0.78599545,0.8025085249999999,-0.002548268,-0.00052036275,0.001555946,-0.002138812,9.6834385e-05,0.002116948,0.3597233749999999,0.3945838,0.4283318,-48.9202675,-46.34014,-44.37348,0.0,0.0,0.0,0.0,0.0,0.0,0.0,0.0,0.0,0.0,0.0,0.0,1.0,1.0,1.0,0.81328805,0.822441,0.8315903
SDSSJ0248+1913,POW+shear,0.708305,0.7112622,0.7154648,-0.0128413,-0.01224795,-0.01124166,0.008583564,0.01004964,0.0116758825,0.4217381,0.4342537,0.444224825,-11.443165,-10.2755,-9.016242,0.2097831,0.213936,0.22086685,-89.17253,-88.50616,-87.41651250000001,0.0,0.0,0.0,0.0,0.0,0.0,1.061897,1.098054,1.132589,0.750169,0.7516512,0.7531918
SDSSJ0256+0153,SIE,0.6984412,0.7338792,0.77251985,-0.002175985,-0.0001612369,0.00165255175,-0.0021809045,-0.00028720885,0.00175427,0.7054423,0.7300274,0.7553967,-45.470925,-42.8333,-40.73305,0.0,0.0,0.0,0.0,0.0,0.0,0.0,0.0,0.0,0.0,0.0,0.0,1.0,1.0,1.0,0.914157025,0.9339224,0.9581368
SDSSJ0737+4825,SIS,1.142511,1.1440085,1.1454055,-0.001811481,0.0002179716,0.0022816075,-0.00217715875,-0.0008835136,0.0004007474,0.0,0.0,0.0,0.0,0.0,0.0,0.0,0.0,0.0,0.0,0.0,0.0,0.0,0.0,0.0,0.0,0.0,0.0,1.0,1.0,1.0,1.142411,1.1439085,1.1453055
SDSSJ0743+2457,SIS,0.54470495,0.5461233999999999,0.547722625,-0.008246793,-0.006523393,-0.004872877,0.006017355,0.007558656,0.00919853,0.0,0.0,0.0,0.0,0.0,0.0,0.0,0.0,0.0,0.0,0.0,0.0,0.0,0.0,0.0,0.0,0.0,0.0,1.0,1.0,1.0,0.54460485,0.5460232,0.547622425
SDSSJ0746+4403,SIE,0.5478727,0.5509995,0.5539476249999999,-0.002081467,-0.0002718898,0.001856158,-0.00200094325,4.3423615e-05,0.001833282,0.09824788,0.1031001,0.1091769,1.903589,7.178326,13.98665,0.0,0.0,0.0,0.0,0.0,0.0,0.0,0.0,0.0,0.0,0.0,0.0,1.0,1.0,1.0,0.549136375,0.5520768,0.5549926
SDSSJ0806+2006,SIS,0.7379519,0.7394448499999999,0.7408564,-0.00763428075,-0.005748337,-0.003819566,0.00940415975,0.010876815,0.0123321175,0.0,0.0,0.0,0.0,0.0,0.0,0.0,0.0,0.0,0.0,0.0,0.0,0.0,0.0,0.0,0.0,0.0,0.0,1.0,1.0,1.0,0.7378519,0.73934475,0.7407563
SDSSJ0819+5356,SIE,2.0537,2.058882,2.063755,-0.002509657,-0.0003765259,0.0019130002499999,-0.0021080872499999,-0.00019411635,0.0018423205,0.1099608,0.12699925,0.1428429,-60.25684,-59.78564,-59.47909,0.0,0.0,0.0,0.0,0.0,0.0,0.0,0.0,0.0,0.0,0.0,0.0,1.0,1.0,1.0,2.058806,2.065794,2.072945
SDSSJ0820+0812,SIE,1.041644,1.046095,1.051146,-0.00216170825,0.0001363333,0.00237325075,-0.001901298,0.0002331157,0.00239883,0.08207551,0.0859568,0.09101596,12.23975,20.52162,28.5179,0.0,0.0,0.0,0.0,0.0,0.0,0.0,0.0,0.0,0.0,0.0,0.0,1.0,1.0,1.0,1.043055,1.0474225,1.052656
SDSSJ0821+4542,SIE,0.7950926,0.8203003,0.8435082,-0.002517708,-0.0003079937,0.001801212,-0.002008897,-9.100387e-05,0.001864995,0.38834,0.43897205,0.48955,15.296035,16.23943,17.4719,0.0,0.0,0.0,0.0,0.0,0.0,0.0,0.0,0.0,0.0,0.0,0.0,1.0,1.0,1.0,0.8592159,0.8700179,0.880978625
SDSSJ0832+0404,SIS,1.089488,1.090963,1.092405,-0.0007584202,0.001037432,0.00297583,-0.00278044025,-0.001252271,0.0001967986,0.0,0.0,0.0,0.0,0.0,0.0,0.0,0.0,0.0,0.0,0.0,0.0,0.0,0.0,0.0,0.0,0.0,0.0,1.0,1.0,1.0,1.089388,1.090863,1.092305
SDSSJ0904+1512,SIE,0.5485219,0.5517849,0.5547375,-0.002187503,-0.0002034486,0.001913312,-0.00193246,0.00022529885,0.0022862635,0.1971746,0.2173209,0.2350425,-86.06935,-83.3125,69.98866,0.0,0.0,0.0,0.0,0.0,0.0,0.0,0.0,0.0,0.0,0.0,0.0,1.0,1.0,1.0,0.5534414,0.5580419,0.5619308
SDSSJ0921+2854,SIE,1.0642995,1.0765735,1.088072,-0.002063678,-8.153327e-05,0.001839651,-0.002211105,-7.329384e-05,0.001999205,0.3086122,0.3255137,0.3434424,-37.8575825,-35.67953,-33.79469,0.0,0.0,0.0,0.0,0.0,0.0,0.0,0.0,0.0,0.0,0.0,0.0,1.0,1.0,1.0,1.098675,1.107201,1.115376
SDSSJ0946+1835,SIE,1.3640365,1.384343,1.403842,-0.002710717,-0.000592239,0.00158488,-0.002072438,0.0001850756,0.002146216,0.33249065,0.3606528,0.390779,-46.93158,-45.95916,-44.70926,0.0,0.0,0.0,0.0,0.0,0.0,0.0,0.0,0.0,0.0,0.0,0.0,1.0,1.0,1.0,1.425003,1.4354425,1.44613
SDSSJ1021+4913,SIS,0.599209825,0.6007357,0.6021008,-0.0107060925,-0.0091437765,-0.007659672,0.006902335,0.008501583,0.0101561475,0.0,0.0,0.0,0.0,0.0,0.0,0.0,0.0,0.0,0.0,0.0,0.0,0.0,0.0,0.0,0.0,0.0,0.0,1.0,1.0,1.0,0.5991096250000001,0.6006355,0.6020006
SDSSJ1055+4628,SIS,0.571536475,0.5730375,0.574531625,0.008797521,0.009974756,0.01122749,-0.00184551775,0.0002236908499999,0.002289418,0.0,0.0,0.0,0.0,0.0,0.0,0.0,0.0,0.0,0.0,0.0,0.0,0.0,0.0,0.0,0.0,0.0,0.0,1.0,1.0,1.0,0.571436475,0.5729376,0.574431725
SDSSJ1128+2402,SIS,0.386882825,0.3882173,0.38968575,0.007592612,0.0092508265,0.0111328925,-0.0136319975,-0.01209053,-0.0105595575,0.0,0.0,0.0,0.0,0.0,0.0,0.0,0.0,0.0,0.0,0.0,0.0,0.0,0.0,0.0,0.0,0.0,0.0,1.0,1.0,1.0,0.386782925,0.3881174,0.38958585
SDSSJ1131+1915,SIE,0.7144865,0.7193341,0.7231292,-0.002373089,-0.0003547144,0.001882765,-0.002043944,0.0003450417,0.002386383,0.1330947,0.1691677,0.2031121,75.33049,80.15784500000001,82.96691,0.0,0.0,0.0,0.0,0.0,0.0,0.0,0.0,0.0,0.0,0.0,0.0,1.0,1.0,1.0,0.7173801,0.7240868,0.730009875
SDSSJ1138+0314,POW,0.6668491,0.66811775,0.6694336,-0.002831089,-0.001508597,0.0008102806499999,0.006003395,0.0070546075,0.008463588,0.05305374,0.07933446,0.119623075,-32.7687425,-32.67184,-32.56131,0.0,0.0,0.0,0.0,0.0,0.0,0.0,0.0,0.0,0.0,0.0,0.0,1.55633375,1.674777,1.767208,0.6682164,0.6692797,0.6705583
SDSSJ1155+6346,SIS,0.9688802,0.9703597,0.9718743,-0.00391172125,-0.001924718,6.475419e-05,0.00799844425,0.009453896,0.01079815,0.0,0.0,0.0,0.0,0.0,0.0,0.0,0.0,0.0,0.0,0.0,0.0,0.0,0.0,0.0,0.0,0.0,0.0,1.0,1.0,1.0,0.9687802,0.9702597,0.9717743
SDSSJ1206+4332,SIE,1.550215,1.5624305,1.5756505,-0.001836492,0.00012072565,0.002073387,-0.002054973,0.0001227007,0.002166497,0.185294175,0.1913,0.2028093,-58.93724,-54.85828,-49.5390725,0.0,0.0,0.0,0.0,0.0,0.0,0.0,0.0,0.0,0.0,0.0,0.0,1.0,1.0,1.0,1.564941,1.5754235,1.58786425
SDSSJ1216+3529,SIE,0.7115302,0.72666895,0.7380264,-0.002238168,-0.0003979287,0.001575484,-0.001872064,0.0002666299,0.002348722,0.1961491,0.2188388,0.258939575,-34.82087,-25.02884,-17.41896,0.0,0.0,0.0,0.0,0.0,0.0,0.0,0.0,0.0,0.0,0.0,0.0,1.0,1.0,1.0,0.7234435,0.7344816000000001,0.7439602999999999
SDSSJ1251+2935,POW,0.841013,0.8423793,0.8436508,-0.001093791,0.000776695,0.00281490225,-0.000502982,0.0005646964,0.001744307,0.2274692,0.2401202,0.25661045,-17.531915,-17.46725,-17.4031,0.0,0.0,0.0,0.0,0.0,0.0,0.0,0.0,0.0,0.0,0.0,0.0,1.27835225,1.312506,1.342871,0.851685825,0.8531719,0.8545449
SDSSJ1254+1857,SIE,1.20849075,1.212311,1.217378,-0.00170546775,0.0002862513,0.002757373,-0.0017003242499999,0.0005264759,0.002546549,0.03588136,0.03915531,0.0435171149999999,-40.2798,-23.209055,-10.99701,0.0,0.0,0.0,0.0,0.0,0.0,0.0,0.0,0.0,0.0,0.0,0.0,1.0,1.0,1.0,1.20874675,1.212512,1.21771
SDSSJ1254+2235,SIE,0.785223,0.7877152,0.7901597,-0.002217009,-0.0002355519,0.0020686935,-0.00248335275,-0.0003552309,0.0015035465,0.0424800725,0.05484765,0.0689007325,-57.51497,-54.37683,-49.99106,0.0,0.0,0.0,0.0,0.0,0.0,0.0,0.0,0.0,0.0,0.0,0.0,1.0,1.0,1.0,0.7854096,0.7882418,0.790860525
SDSSJ1258+1657,SIE,0.7043283,0.7128703,0.7215146,-0.002075113,-0.00020389545,0.0017757945,-0.0020488405,-4.347366e-05,0.00191753125,0.2233796,0.2502825,0.277670325,-0.40531385,2.741062,7.122934,0.0,0.0,0.0,0.0,0.0,0.0,0.0,0.0,0.0,0.0,0.0,0.0,1.0,1.0,1.0,0.7178237,0.7238146,0.730014775
SDSSJ1304+2001,SIS+shear,0.992796775,1.003313,1.013698,-0.0019152095,-6.154615e-05,0.002337374,-0.001959646,0.0001229246,0.00218188,0.0,0.0,0.0,0.0,0.0,0.0,0.07385456,0.08159882,0.08944861,25.59711,27.97872,31.08805,0.0,0.0,0.0,0.0,0.0,0.0,1.0,1.0,1.0,0.992696675,1.003213,1.013598
SDSSJ1313+5151,SIS,0.610404375,0.6119211,0.6133889,-0.00132071425,2.3514025e-05,0.001360002,-0.0019607215,-2.538859e-05,0.002342735,0.0,0.0,0.0,0.0,0.0,0.0,0.0,0.0,0.0,0.0,0.0,0.0,0.0,0.0,0.0,0.0,0.0,0.0,1.0,1.0,1.0,0.610304275,0.611821,0.6132887
SDSSJ1320+1644,SIE,4.56886,4.586924,4.605766,-0.002217298,-0.00018782315,0.0017041705,-0.0020995074999999,-5.143852e-05,0.002229407,0.1091868,0.11045,0.113110725,22.56612,27.375885,32.23089,0.0,0.0,0.0,0.0,0.0,0.0,0.0,0.0,0.0,0.0,0.0,0.0,1.0,1.0,1.0,4.58007,4.5983,4.61817
SDSSJ1322+1052,SIS,0.9983883,0.9997731,1.00133325,0.004909765,0.006523129,0.00808052275,-0.005910839,-0.0039746005,-0.00207506275,0.0,0.0,0.0,0.0,0.0,0.0,0.0,0.0,0.0,0.0,0.0,0.0,0.0,0.0,0.0,0.0,0.0,0.0,1.0,1.0,1.0,0.9982881,0.9996729,1.00123325
SDSSJ1330+1810,SIE+shear,0.8910818,0.8951031,0.898001325,-0.01886914,-0.01519764,-0.01101893,0.02050749,0.02401628,0.0281613675,0.3908138,0.401918,0.4148307,-21.24069,-20.73299,-20.13954,0.07635115,0.07910243,0.08146784,-88.55696,86.03695,88.3705025,0.0,0.0,0.0,0.0,0.0,0.0,1.0,1.0,1.0,0.9366717,0.9382578,0.9393383
SDSSJ1330+3800,SIS+shear,0.4735355,0.5474687,0.6022383,-0.007493905,-0.001270273,0.00449376,-0.00813879275,-0.00199926,0.005774013,0.0,0.0,0.0,0.0,0.0,0.0,0.5081645,0.5475899,0.6022394,-88.38311,86.43055,87.7800325,0.0,0.0,0.0,0.0,0.0,0.0,1.0,1.0,1.0,0.4734355,0.5473688,0.6021383
SDSSJ1334+3315,SIS,0.418525325,0.41992805,0.4214581,-0.0117564075,-0.01010884,-0.008634479,-0.009002015,-0.007130944,-0.005332222,0.0,0.0,0.0,0.0,0.0,0.0,0.0,0.0,0.0,0.0,0.0,0.0,0.0,0.0,0.0,0.0,0.0,0.0,1.0,1.0,1.0,0.418425525,0.41982825,0.4213583
SDSSJ1339+1310,SIE,0.8462902,0.85724325,0.867689275,-0.002540261,-0.0004358325,0.00170618,-0.0024051842499999,-0.0002583262,0.001853298,0.271758775,0.2806281,0.2964664,-3.459041,0.84519795,5.083895,0.0,0.0,0.0,0.0,0.0,0.0,0.0,0.0,0.0,0.0,0.0,0.0,1.0,1.0,1.0,0.865406375,0.874292,0.883829925
SDSSJ1349+1227,SIE,1.229613,1.2711065,1.308817,-0.002265831,-0.0001868506,0.0018985205,-0.0016540807499999,0.0003869063,0.00233991875,0.4272414,0.4761096,0.5237097,-43.7467,-42.97254,-42.27683,0.0,0.0,0.0,0.0,0.0,0.0,0.0,0.0,0.0,0.0,0.0,0.0,1.0,1.0,1.0,1.34893525,1.3659855,1.382434
SDSSJ1353+1138,SIE,0.6742139,0.6829632,0.691249,-0.0026257545,-0.0007321180499999,0.0011957525,-0.00181849,0.0001900442,0.002022201,0.184689525,0.2007326,0.2295947,-56.42053,-50.257705,-43.06319,0.0,0.0,0.0,0.0,0.0,0.0,0.0,0.0,0.0,0.0,0.0,0.0,1.0,1.0,1.0,0.6824783,0.6890562,0.6961988
SDSSJ1400+3134,SIE,0.9316279,0.9361584,0.9423322,-0.002422205,-0.00029465325,0.0018379425,-0.001854391,-0.0003240044,0.001917537,0.1850391,0.1887375,0.1947715,-83.8651125,-80.320245,-75.86631,0.0,0.0,0.0,0.0,0.0,0.0,0.0,0.0,0.0,0.0,0.0,0.0,1.0,1.0,1.0,0.9389228,0.9435795,0.9503233
SDSSJ1406+6126,SIS,1.013238,1.014893,1.016315,-0.0096638805,-0.007977323,-0.00602063325,-0.01339662,-0.01181019,-0.0103062249999999,0.0,0.0,0.0,0.0,0.0,0.0,0.0,0.0,0.0,0.0,0.0,0.0,0.0,0.0,0.0,0.0,0.0,0.0,1.0,1.0,1.0,1.013138,1.014793,1.016215
SDSSJ1412+5204,SIS+shear,0.97932495,0.9905445,1.00210675,-0.00219811,0.0001217024,0.00233738575,-0.002018553,6.490874e-05,0.0021188365,0.0,0.0,0.0,0.0,0.0,0.0,0.1119521,0.1207779,0.129759,-68.00362,-65.81376,-63.90163,0.0,0.0,0.0,0.0,0.0,0.0,1.0,1.0,1.0,0.97922485,0.9904444,1.00200675
SDSSJ1433+6007,SIE,1.484394,1.487604,1.49237425,0.04208637,0.047582615,0.05268869,0.01813432,0.01918686,0.0204543,0.6246983,0.6281873,0.6298819,89.70006,89.74433,89.7858,0.0,0.0,0.0,0.0,0.0,0.0,0.0,0.0,0.0,0.0,0.0,0.0,1.0,1.0,1.0,1.730368,1.732776,1.735586
SDSSJ1442+4055,SIE,1.387539,1.390802,1.39447,-0.002233647,-0.00011574995,0.001896557,-0.00218599075,0.0001090146,0.00214820575,0.01363084,0.01963728,0.03447192,-85.59521,54.77368,78.404195,0.0,0.0,0.0,0.0,0.0,0.0,0.0,0.0,0.0,0.0,0.0,0.0,1.0,1.0,1.0,1.387494,1.390823,1.394681
SDSSJ1452+4224,SIE,0.766409925,0.7714562,0.777260925,-0.002469526,-7.148213e-05,0.001852727,-0.001877699,-7.057062e-05,0.001872303,0.1747734,0.1978764,0.2181706,82.34753,84.31249,85.57346,0.0,0.0,0.0,0.0,0.0,0.0,0.0,0.0,0.0,0.0,0.0,0.0,1.0,1.0,1.0,0.7750151,0.7783799,0.782531
SDSSJ1455+1447,SIE,0.88514605,0.8909355,0.8953348,-0.002022326,-3.736977e-05,0.001954127,-0.002304161,-0.0001192912,0.00194453175,0.1070308,0.1189409,0.1361393,49.26633,76.17014,84.46707,0.0,0.0,0.0,0.0,0.0,0.0,0.0,0.0,0.0,0.0,0.0,0.0,1.0,1.0,1.0,0.8870792,0.8935094,0.898778225
SDSSJ1458-0202,SIE,1.1190924999999998,1.1237595,1.128452,-0.002196542,-0.0001309663,0.001908568,-0.00229952,-9.539835e-05,0.0016520605,0.2337058,0.250948,0.2688289749999999,-17.20465,-15.13104,-12.66074,0.0,0.0,0.0,0.0,0.0,0.0,0.0,0.0,0.0,0.0,0.0,0.0,1.0,1.0,1.0,1.133903,1.140943,1.14886775
SDSSJ1515+1511,SIE,0.8944255,0.9179236,0.9401527,-0.002574322,-0.0004162682,0.001664414,-0.002492577,-0.0002770196,0.00164067,0.288372375,0.3429922,0.3937451999999999,-26.50065,-24.719905,-21.888475,0.0,0.0,0.0,0.0,0.0,0.0,0.0,0.0,0.0,0.0,0.0,0.0,1.0,1.0,1.0,0.93519615,0.9477358,0.9603274
SDSSJ1524+4409,SIE,0.7855892,0.7950809,0.804183,-0.002024803,-3.168622e-05,0.002049034,-0.002017294,-3.460848e-05,0.001991615,0.24546825,0.27269515,0.3010994,-44.33065,-41.97337,-40.0866,0.0,0.0,0.0,0.0,0.0,0.0,0.0,0.0,0.0,0.0,0.0,0.0,1.0,1.0,1.0,0.8041786,0.8100775,0.8160607
SDSSJ1537+3014,SIE,1.13784375,1.155578,1.172247,-0.002243537,-7.144143499999999e-05,0.001952731,-0.0020864665,2.2117305e-05,0.002131235,0.2521022499999999,0.2823031,0.315686775,-69.4325,-65.969285,-63.11701,0.0,0.0,0.0,0.0,0.0,0.0,0.0,0.0,0.0,0.0,0.0,0.0,1.0,1.0,1.0,1.167911,1.1793615,1.19023
SDSSJ1620+1203,SIE,1.38184925,1.396025,1.408785,-0.001583765,0.0004034126,0.0025156995,-0.002262292,-0.00036548885,0.001500962,0.149039325,0.15682675,0.1698627,-7.540675,2.176921,11.34891,0.0,0.0,0.0,0.0,0.0,0.0,0.0,0.0,0.0,0.0,0.0,0.0,1.0,1.0,1.0,1.3900175,1.4029805,1.415629
SDSSJ1650+4251,SIE,0.5923731,0.5974252,0.6028126,-0.001886701,4.8422165e-05,0.001938608,-0.001921326,0.0002777503,0.002338211,0.1002707,0.1213803,0.1585093,27.84267,35.4056,47.73439,0.0,0.0,0.0,0.0,0.0,0.0,0.0,0.0,0.0,0.0,0.0,0.0,1.0,1.0,1.0,0.59337,0.5992182,0.606231725
SDSSJ2257+2349,SIE,0.7938891,0.7990057,0.8043227,-0.002673511,-0.0006260593,0.001420104,-0.002087978,-0.0002213094,0.001735232,0.198402375,0.2178636,0.23727205,35.75581,36.89979,38.283910000000006,0.0,0.0,0.0,0.0,0.0,0.0,0.0,0.0,0.0,0.0,0.0,0.0,1.0,1.0,1.0,0.804363875,0.8079535,0.8116817
ULASJ1405+0959,SIE,0.8986349,0.9282324,0.95293345,-0.002399935,-0.0002840393,0.00168424725,-0.002492448,-0.0004397147,0.001625222,0.475314,0.4886126,0.51310765,62.22031,66.77244,71.48622,0.0,0.0,0.0,0.0,0.0,0.0,0.0,0.0,0.0,0.0,0.0,0.0,1.0,1.0,1.0,0.980006,1.001906,1.023647
ULASJ2343-0050,SIE,0.699318775,0.7109896,0.7260418,-0.001823785,0.0001019426,0.002252718,-0.0023579739999999,-0.0002272374,0.002059346,0.1893887,0.2542278,0.2980959,15.7795625,17.86799,18.94583,0.0,0.0,0.0,0.0,0.0,0.0,0.0,0.0,0.0,0.0,0.0,0.0,1.0,1.0,1.0,0.715129275,0.7219487499999999,0.7317827
VDESJ2325-5229,SIE,1.447455,1.4590545,1.467637,-0.0027801095,-0.0004181341,0.001680506,-0.002091094,0.000156846,0.002624813,0.1942159,0.20745435,0.2238535,79.48046,83.82253,86.14239,0.0,0.0,0.0,0.0,0.0,0.0,0.0,0.0,0.0,0.0,0.0,0.0,1.0,1.0,1.0,1.46475,1.473689,1.480293
WFI2033-4723,SIE+shear,1.098216,1.099727,1.1012825,-0.0612849325,-0.0573830699999999,-0.05344366,0.02053839,0.02252346,0.02484677,0.29162535,0.2967579,0.3016211,-70.08575,-68.02768,-65.92687749999999,0.1890552,0.1936248,0.197535,-10.49511,-10.09826,-9.607232,0.0,0.0,0.0,0.0,0.0,0.0,1.0,1.0,1.0,1.123189,1.1248595,1.126664
WFIJ2026-4536,POW,0.6640761,0.6721724,0.6897876,-0.01047497,-0.001550974,0.006818913,-0.0086083045,0.0002789309,0.009246284,0.001072614,0.002403513,0.08263379,-11.12325,1.246708,17.06993,0.0,0.0,0.0,0.0,0.0,0.0,0.0,0.0,0.0,0.0,0.0,0.0,1.64612375,2.005162,2.01107825,0.6660425,0.6740355499999999,0.69082105
WG0214-2105,POW+shear,0.8270575,0.8324709,0.8356448,-0.0165266,-0.0136168,-0.01123979,0.00103459175,0.003320445,0.00635916475,0.260093,0.2851304,0.3157438,-82.72884,-79.74381,-76.83849,0.0984857525,0.1096085,0.119130875,-55.160362500000005,-54.02511,-52.71449749999999,0.0,0.0,0.0,0.0,0.0,0.0,0.4795277,0.5611412,0.6479161,0.8465714,0.847918,0.8492231
WG2100-4452,SIE,1.258603,1.259722,1.260978,-0.01082231,-0.0094510504999999,-0.00802505,-0.00476522325,-0.003115546,-0.001253357,0.31048245,0.3132126,0.3159779,-0.8750059,-0.8278971,-0.7836705749999999,0.0,0.0,0.0,0.0,0.0,0.0,0.0,0.0,0.0,0.0,0.0,0.0,1.0,1.0,1.0,1.291526,1.292498,1.293482
WGA0235-2433,SIE,0.96307505,0.9766077,0.9871029,-0.002100211,-0.0001746529,0.00174295325,-0.002210343,-5.957536e-05,0.0017733985,0.258656275,0.2826035,0.3106949,55.4469925,58.251145,60.8632475,0.0,0.0,0.0,0.0,0.0,0.0,0.0,0.0,0.0,0.0,0.0,0.0,1.0,1.0,1.0,0.9878461,0.9964864,1.00351025
WGD0245-0556,SIS,0.9333768,0.93497425,0.9365405,-0.00196299,-0.00028720765,0.001509157,-0.0014760685,0.00024278415,0.001972002,0.0,0.0,0.0,0.0,0.0,0.0,0.0,0.0,0.0,0.0,0.0,0.0,0.0,0.0,0.0,0.0,0.0,0.0,1.0,1.0,1.0,0.9332769,0.93487435,0.9364406
WGD2021-4115,SIE,1.169462,1.192387,1.21446225,-0.002083344,-0.0001017662499999,0.00187925525,-0.0020053095,8.704852e-05,0.00196770575,0.35810685,0.3899685,0.421380725,-1.095742,1.146183,3.85639425,0.0,0.0,0.0,0.0,0.0,0.0,0.0,0.0,0.0,0.0,0.0,0.0,1.0,1.0,1.0,1.23257175,1.245411,1.257907
WISE2304-2214,SIE,0.966284325,0.98056935,0.9970838,-0.002445659,-0.0004478519,0.001719555,-0.00224673625,-0.0001673455,0.001904995,0.336465275,0.37163705,0.401609575,-76.1386,-75.77326,-75.30228,0.0,0.0,0.0,0.0,0.0,0.0,0.0,0.0,0.0,0.0,0.0,0.0,1.0,1.0,1.0,1.012413,1.019473,1.02778725
WISE2329-1258,SIE,0.617253525,0.622101,0.6267872,-0.001684141,0.0002684479,0.002420294,-0.002414962,-0.0002431399999999,0.001865059,0.1057761,0.1143898,0.126037525,-15.5231425,-4.611869,6.693214,0.0,0.0,0.0,0.0,0.0,0.0,0.0,0.0,0.0,0.0,0.0,0.0,1.0,1.0,1.0,0.6186777,0.6235406,0.6286271
WISEJ0259-1635,SIE+shear,0.73497345,0.7362092,0.7373540000000001,0.00126682775,0.002581238,0.00400692,0.00419748875,0.005339018,0.006520949,0.113597,0.1312365999999999,0.14949535,-7.190283,-4.504964,-2.364338,0.04783034,0.05200904,0.055935725,-33.81456,-31.763215,-30.0101075,0.0,0.0,0.0,0.0,0.0,0.0,1.0,1.0,1.0,0.7378665,0.7389859,0.7402572
